SATELLITE NAME,INTERNATIONAL DESIGNATOR,US SATELLITE NUMBER,LAUNCH DATE,BREAKUP DATE,DEBRIS CATALOGED,DEBRIS ON-ORBIT,APOGEE (KM),PERIGEE (KM),INCLINATION (DEG),ASSESSED CAUSE,ADDITIONAL INFORMATION,year_LAUNCH,year_BREAKUP
TRANSIT 4A R/B,1961-015C,118,6/29/1961,6/29/1961,296,172,995,880,66.8,PROPULSION,ABLESTAR STAGE,1961,1961
SPUTNIK 29,1962-057A,443,10/24/1962,10/29/1962,24,0,260,200,65.1,PROPULSION,MOLNIYA FINAL STAGE,1962,1962
ATLAS CENTAUR 2,1963-047A,694,11/27/1963,11/27/1963,19,8,1785,475,30.3,PROPULSION,CENTAUR STAGE,1963,1963
COSMOS 50,1964-070A,919,10/28/1964,11/5/1964,96,0,220,175,51.2,DELIBERATE,SELF-DESTRUCT,1964,1964
COSMOS 57,1965-012A,1093,2/22/1965,2/22/1965,167,0,425,165,64.8,DELIBERATE,SELF-DESTRUCT,1965,1965
COSMOS 61-63 R/B,1965-020D,1270,3/15/1965,3/15/1965,147,18,1825,260,56.1,UNKNOWN,COSMOS SECOND STAGE,1965,1965
OV2-1/LCS 2 R/B,1965-082DM,1822,10/15/1965,10/15/1965,473,32,790,710,32.2,PROPULSION,TITAN TRANSTAGE,1965,1965
COSMOS 95,1965-088A,1706,11/4/1965,1/15/1966,1,0,300,180,48.4,UNKNOWN,,1965,1966
OV2-3/ et al. R/B,1965-108A,1863,12/21/1965,12/21/1965,108,101,33660,165,26.4,PROPULSION,TITAN TRANSTAGE,1965,1965
OPS 3031,1966-012C,2015,2/15/1966,2/15/1966,38,0,270,150,96.5,UNKNOWN,INFLATABLE SPHERE,1966,1966
GEMINI 9 ATDA R/B,1966-046B,2188,6/1/1966,6/1/1966,51,0,275,240,28.8,UNKNOWN,ATLAS CORE STAGE,1966,1966
PAGEOS,1966-056A,2253,6/24/1966,7/12/1975,79,1,5170,3200,85.3,UNKNOWN,INFLATABLE SPHERE,1966,1975
AS-203,1966-059A,2289,7/5/1966,7/5/1966,34,0,215,185,32,DELIBERATE,SATURN S-IVB STAGE,1966,1966
COSMOS U-1,1966-088A,2437,9/17/1966,9/17/1966,52,0,855,140,49.6,DELIBERATE,SELF-DESTRUCT,1966,1966
COSMOS U-2,1966-101A,2536,11/2/1966,11/2/1966,41,0,885,145,49.6,DELIBERATE,SELF-DESTRUCT,1966,1966
COSMOS 192,1967-116A,3047,11/23/1967,8/30/2009,4,1,715,710,74,UNKNOWN,,1967,2009
COSMOS 199,1968-003A,3099,1/16/1968,1/24/1968,3,0,355,200,65.6,DELIBERATE,SELF-DESTRUCT,1968,1968
APOLLO 6 R/B,1968-025B,3171,4/4/1968,4/13/1968,16,0,360,200,32.6,PROPULSION,SATURN S-IVB STAGE,1968,1968
OV2-5 R/B,1968-081E,3432,9/26/1968,2/21/1992,29,29,35810,35100,11.9,PROPULSION,TITAN TRANSTAGE,1968,1992
COSMOS 248,1968-090A,3503,10/19/1968,11/1/1968,5,0,545,475,62.2,DELIBERATE,DEBRIS IMPACT,1968,1968
COSMOS 249,1968-091A,3504,10/20/1968,10/20/1968,108,39,2165,490,62.3,DELIBERATE,SELF-DESTRUCT,1968,1968
COSMOS 252,1968-097A,3530,11/1/1968,11/1/1968,139,40,2140,535,62.3,DELIBERATE,SELF-DESTRUCT,1968,1968
ESSA 8 (TOS F) R/B,1968-114B,3616,12/15/1968,11/15/1973,18,18,1462,1413,101.6,PROPULSION,DELTA SECOND STAGE,1968,1973
OPS 0757 (TACSAT) R/B,1969-013B,3692,2/9/1969,2/28/2018,19,19,37257,35886,6.2,UNKNOWN,TITAN TRANSTAGE,1969,2018
METEOR 1-1 R/B,1969-029B,3836,3/26/1969,3/28/1969,37,0,850,460,81.2,UNKNOWN,VOSTOK FINAL STAGE,1969,1969
INTELSAT 3 F-5 R/B,1969-064B,4052,7/26/1969,7/26/1969,22,0,5445,270,30.4,PROPULSION,TE 364-4 STAGE,1969,1969
OPS 7613 R/B,1969-082AB,4159,9/30/1969,10/4/1969,261,63,940,905,70,UNKNOWN,AGENA D STAGE,1969,1969
NIMBUS 4 R/B,1970-025C,4367,4/8/1970,10/17/1970,441,299,1085,1065,99.9,UNKNOWN,AGENA D STAGE,1970,1970
COSMOS 374,1970-089A,4594,10/23/1970,10/23/1970,99,20,2130,530,62.9,DELIBERATE,SELF-DESTRUCT,1970,1970
COSMOS 375,1970-091A,4598,10/30/1970,10/30/1970,47,15,2100,525,62.8,DELIBERATE,SELF-DESTRUCT,1970,1970
COSMOS 397,1971-015A,4964,2/25/1971,2/25/1971,116,44,2200,575,65.8,DELIBERATE,SELF-DESTRUCT,1971,1971
COSMOS 462,1971-106A,5646,12/3/1971,12/3/1971,25,0,1800,230,65.7,DELIBERATE,SELF-DESTRUCT,1971,1971
LANDSAT 1 R/B,1972-058B,6127,7/23/1972,5/22/1975,244,47,910,635,98.3,PROPULSION,DELTA SECOND STAGE,1972,1975
SALYUT 2 R/B,1973-017B,6399,4/3/1973,4/3/1973,25,0,245,195,51.5,PROPULSION,PROTON-K THIRD STAGE,1973,1973
COSMOS 554,1973-021A,6432,4/19/1973,5/6/1973,193,0,350,170,72.9,DELIBERATE,SELF-DESTRUCT,1973,1973
NOAA 3 R/B,1973-086B,6921,11/6/1973,12/28/1973,220,198,1510,1500,102.1,PROPULSION,DELTA SECOND STAGE,1973,1973
DMSP 5B F5 R/B,1974-015B,7219,3/16/1974,1/17/2005,7,7,885,775,99.1,"COLLISION, ACCIDENTAL",HIT BY DEBRIS (26207),1974,2005
NOAA 4 R/B,1974-089D,7532,11/15/1974,8/20/1975,185,160,1460,1445,101.7,PROPULSION,DELTA SECOND STAGE,1974,1975
COSMOS 699,1974-103A,7587,12/24/1974,4/17/1975,50,0,445,425,65,UNKNOWN,COSMOS 699 CLASS,1974,1975
LANDSAT 2 R/B,1975-004B,7616,1/22/1975,2/9/1976,207,32,915,740,97.8,PROPULSION,DELTA SECOND STAGE,1975,1976
NIMBUS 6 R/B,1975-052B,7946,6/12/1975,5/1/1991,307,231,1105,1095,99.6,PROPULSION,DELTA SECOND STAGE,1975,1991
COSMOS 758,1975-080A,8191,9/5/1975,9/6/1975,76,0,325,175,67.1,DELIBERATE,SELF-DESTRUCT,1975,1975
COSMOS 777,1975-102A,8416,10/29/1975,1/25/1976,62,0,440,430,65,UNKNOWN,COSMOS 699 CLASS,1975,1976
COSMOS 838,1976-063A,8932,7/2/1976,5/17/1977,40,0,445,415,65.1,UNKNOWN,COSMOS 699 CLASS,1976,1977
COSMOS 839,1976-067A,9011,7/8/1976,9/29/1977,70,68,2100,980,65.9,BATTERY,,1976,1977
COSMOS 844,1976-072A,9046,7/22/1976,7/25/1976,248,0,355,170,67.1,DELIBERATE,SELF-DESTRUCT,1976,1976
NOAA 5 R/B,1976-077B,9063,7/29/1976,12/24/1977,184,174,1520,1505,102,PROPULSION,DELTA SECOND STAGE,1976,1977
COSMOS 862,1976-105A,9495,10/22/1976,3/15/1977,13,5,39645,765,63.2,DELIBERATE,SELF-DESTRUCT,1976,1977
COSMOS 880,1976-120A,9601,12/9/1976,11/27/1978,49,0,620,550,65.8,BATTERY,,1976,1978
COSMOS 884,1976-123A,9614,12/17/1976,12/29/1976,2,0,320,170,65,DELIBERATE,SELF-DESTRUCT,1976,1976
COSMOS 886,1976-126A,9634,12/27/1976,12/27/1976,76,58,2295,595,65.8,DELIBERATE,SELF-DESTRUCT,1976,1976
COSMOS 903,1977-027A,9911,4/11/1977,6/8/1978,6,3,39035,1325,63.2,DELIBERATE,SELF-DESTRUCT,1977,1978
COSMOS 917,1977-047A,10059,6/16/1977,3/30/1979,14,12,38725,1645,62.9,DELIBERATE,SELF-DESTRUCT,1977,1979
HIMAWARI 1 R/B,1977-065B,10144,7/14/1977,7/14/1977,177,59,2025,535,29,PROPULSION,DELTA SECOND STAGE,1977,1977
COSMOS 931,1977-068A,10150,7/20/1977,10/24/1977,6,5,39665,680,62.9,DELIBERATE,SELF-DESTRUCT,1977,1977
EKRAN 2,1977-092A,10365,9/20/1977,6/23/1978,5,5,35800,35785,0.1,BATTERY,,1977,1978
COSMOS 970,1977-121A,10531,12/21/1977,12/21/1977,70,64,1140,945,65.8,DELIBERATE,SELF-DESTRUCT,1977,1977
LANDSAT 3 R/B,1978-026C,10704,3/5/1978,1/27/1981,248,153,910,900,98.8,PROPULSION,DELTA SECOND STAGE,1978,1981
COSMOS 1030,1978-083A,11015,9/6/1978,10/10/1978,13,9,39760,665,62.8,DELIBERATE,SELF-DESTRUCT,1978,1978
NIMBUS 7 R/B,1978-098B,11081,10/24/1978,12/26/1981,2,1,955,935,99.3,PROPULSION,DELTA SECOND STAGE,1978,1981
COSMOS 1045 R/B,1978-100D,11087,10/26/1978,5/9/1988,42,32,1705,1685,82.6,PROPULSION,TSYKLON THIRD STAGE,1978,1988
P-78/SOLWIND,1979-017A,11278,2/24/1979,9/13/1985,285,0,545,515,97.6,"COLLISION, DELIBERATE",HYPERVELOCITY IMPACT,1979,1985
COSMOS 1094,1979-033A,11333,4/18/1979,9/17/1979,1,0,405,380,65,UNKNOWN,COSMOS 699 CLASS,1979,1979
COSMOS 1109,1979-058A,11417,6/27/1979,2/1/1980,19,8,39425,960,63.3,DELIBERATE,SELF-DESTRUCT,1979,1980
COSMOS 1124,1979-077A,11509,8/28/1979,9/9/1979,5,5,39795,570,63,DELIBERATE,SELF-DESTRUCT,1979,1979
SATCOM 3,1979-101A,11635,12/7/1979,12/11/1979,21,21,35776,204,23.7,PROPULSION,AKM FAILURE,1979,1979
CAT R/B,1979-104B,11659,12/24/1979,4/1/1980,31,24,33140,180,17.9,PROPULSION,ARIANE 1 FINAL STAGE,1979,1980
COSMOS 1167,1980-021A,11729,3/14/1980,7/15/1981,12,0,450,355,65,UNKNOWN,COSMOS 699 CLASS,1980,1981
COSMOS 1174,1980-030A,11765,4/18/1980,4/18/1980,46,4,1660,380,66.1,DELIBERATE,SELF-DESTRUCT,1980,1980
COSMOS 1188,1980-050A,11844,6/14/1980,8/26/1980,8,6,39630,735,62.9,DELIBERATE,SELF-DESTRUCT,1980,1980
COSMOS 1191,1980-057A,11871,7/2/1980,5/14/1981,11,11,39255,1110,62.6,DELIBERATE,SELF-DESTRUCT,1980,1981
COSMOS 1217,1980-085A,12032,10/24/1980,2/12/1983,10,8,38830,1530,65.2,DELIBERATE,SELF-DESTRUCT,1980,1983
COSMOS 1220,1980-089A,12054,11/4/1980,6/20/1982,83,1,885,570,65,UNKNOWN,COSMOS 699 CLASS,1980,1982
COSMOS 1247,1981-016A,12303,2/19/1981,10/20/1981,7,6,39390,970,63,DELIBERATE,SELF-DESTRUCT,1981,1981
COSMOS 1260,1981-028A,12364,3/20/1981,5/8/1982,68,0,750,450,65,UNKNOWN,COSMOS 699 CLASS,1981,1982
COSMOS 1261,1981-031A,12376,3/31/1981,4/1/1981,10,10,39765,610,63,DELIBERATE,SELF-DESTRUCT,1981,1981
COSMOS 1275,1981-053A,12504,6/4/1981,7/24/1981,479,421,1015,960,83,BATTERY,,1981,1981
COSMOS 1278,1981-058A,12547,6/19/1981,12/1/1986,3,0,37690,2665,67.1,DELIBERATE,SELF-DESTRUCT,1981,1986
COSMOS 1285,1981-071A,12627,8/4/1981,11/21/1981,25,25,40100,720,63.1,DELIBERATE,SELF-DESTRUCT,1981,1981
COSMOS 1286,1981-072A,12631,8/4/1981,9/29/1982,2,0,325,300,65,UNKNOWN,COSMOS 699 CLASS,1981,1982
COSMOS 1305 R/B,1981-088F,12827,9/11/1981,9/11/1981,8,8,13795,605,62.8,PROPULSION,MOLNIYA FINAL STAGE,1981,1981
COSMOS 1306,1981-089A,12828,9/14/1981,7/12/1982,8,0,405,380,64.9,UNKNOWN,COSMOS 699 CLASS,1981,1982
COSMOS 1317,1981-108A,12933,10/31/1981,1/28/1984,11,11,39055,1315,62.8,DELIBERATE,SELF-DESTRUCT,1981,1984
METEOR 2-8,1982-025A,13113,3/25/1982,5/29/1999,53,53,960,935,82.5,UNKNOWN,,1982,1999
COSMOS 1348,1982-029A,13124,4/7/1982,9/2/1984,10,10,39200,1185,62.8,DELIBERATE,SELF-DESTRUCT,1982,1984
COSMOS 1355,1982-038A,13150,4/29/1982,8/8/1983,29,0,395,360,65.1,UNKNOWN,COSMOS 699 CLASS,1982,1983
COSMOS 1375,1982-055A,13259,6/6/1982,10/21/1985,61,58,1000,990,65.8,BATTERY,,1982,1985
COSMOS 1405,1982-088A,13508,9/4/1982,12/20/1983,32,0,340,310,65,UNKNOWN,COSMOS 699 CLASS,1982,1983
COSMOS 1423 R/B,1982-115E,13696,12/8/1982,12/8/1982,29,0,425,235,62.9,PROPULSION,MOLNIYA FINAL STAGE,1982,1982
ASTRON ULLAGE MOTOR,1983-020B,13902,3/23/1983,9/3/1984,1,0,1230,220,51.5,PROPULSION,PROTON-K BLOCK DM SOZ,1983,1984
NOAA 8,1983-022A,13923,3/28/1983,12/30/1985,5,1,830,805,98.6,BATTERY,,1983,1985
COSMOS 1456,1983-038A,14034,4/25/1983,8/13/1983,4,0,39630,730,63.3,DELIBERATE,SELF-DESTRUCT,1983,1983
COSMOS 1461,1983-044A,14064,5/7/1983,3/11/1985,187,14,890,570,65,UNKNOWN,COSMOS 699 CLASS,1983,1985
COSMOS 1481,1983-070A,14182,7/8/1983,7/9/1983,7,7,39225,625,62.9,DELIBERATE,SELF-DESTRUCT,1983,1983
COSMOS 1484,1983-075A,14207,7/24/1983,10/18/1993,49,0,595,550,97.5,UNKNOWN,,1983,1993
COSMOS 1519-21 ULLAGE MOTOR,1983-127H,14608,12/29/1983,2/4/1991,8,3,18805,340,51.9,PROPULSION,PROTON-K BLOCK DM SOZ,1983,1991
PALAPA B2 R/B,1984-011E,14693,2/3/1984,2/6/1984,3,0,285,275,28.5,PROPULSION,PAM-D UPPER STAGE,1984,1984
WESTAR 6 R/B,1984-011F,14694,2/3/1984,2/3/1984,14,0,310,305,28.5,PROPULSION,PAM-D UPPER STAGE,1984,1984
COSMOS 1588,1984-083A,15167,8/7/1984,2/23/1986,45,0,440,410,65,UNKNOWN,COSMOS 699 CLASS,1984,1986
COSMOS 1603 ULLAGE MOTOR,1984-106F,15338,9/28/1984,9/5/1992,23,2,845,835,66.6,PROPULSION,PROTON-K BLOCK DM SOZ,1984,1992
SPACENET 2/MARECS B2 R/B,1984-114C,15388,11/10/1984,11/20/1984,3,2,35960,325,7,PROPULSION,ARIANE 3 FINAL STAGE,1984,1984
COSMOS 1650-52 ULLAGE MOTOR,1985-037G,15714,5/17/1985,11/29/1998,4,2,18620,320,52,PROPULSION,PROTON-K BLOCK DM SOZ,1985,1998
COSMOS 1646,1985-030A,15653,4/18/1985,11/20/1987,24,0,410,385,65,UNKNOWN,COSMOS 699 CLASS,1985,1987
COSMOS 1656 ULLAGE MOTOR,1985-042E,15773,5/30/1985,1/5/1988,6,6,860,810,66.6,PROPULSION,PROTON-K BLOCK DM SOZ,1985,1988
COSMOS 1654,1985-039A,15734,5/23/1985,6/21/1985,18,0,300,185,64.9,DELIBERATE,SELF-DESTRUCT,1985,1985
COSMOS 1691 (1695),1985-094B,16139,10/9/1985,11/22/1985,21,18,1415,1410,82.6,BATTERY,,1985,1985
COSMOS 1703 R/B,1985-108B,16263,11/22/1985,5/4/2006,50,2,640,610,82.5,PROPULSION,TSYKLON THIRD STAGE,1985,2006
COSMOS 1710-12 ULLAGE MOTOR,1985-118L,16446,12/24/1985,12/29/1991,17,10,18885,655,65.3,PROPULSION,PROTON-K BLOCK DM SOZ,1985,1991
COSMOS 1714 R/B,1985-121F,16439,12/28/1985,12/28/1985,2,0,830,165,71,PROPULSION,ZENIT SECOND STAGE,1985,1985
SPOT 1 R/B,1986-019C,16615,2/22/1986,11/13/1986,498,31,835,805,98.7,PROPULSION,ARIANE 1 FINAL STAGE,1986,1986
COSMOS 1769,1986-059A,16895,8/4/1986,9/21/1987,4,0,445,310,65,UNKNOWN,COSMOS 699 CLASS,1986,1987
USA 19,1986-069A,16937,9/5/1986,9/5/1986,13,0,745,210,39.1,"COLLISION, DELIBERATE",HYPERVELOCITY IMPACT,1986,1986
USA 19 R/B,1986-069B,16938,9/5/1986,9/5/1986,5,0,610,220,22.8,"COLLISION, DELIBERATE",HYPERVELOCITY IMPACT,1986,1986
COSMOS 1813,1987-004A,17297,1/15/1987,1/29/1987,195,0,415,360,72.8,DELIBERATE,SELF-DESTRUCT,1987,1987
COSMOS 1823,1987-020A,17535,2/20/1987,12/17/1987,150,76,1525,1480,73.6,BATTERY,,1987,1987
COSMOS 1866,1987-059A,18184,7/9/1987,7/26/1987,9,0,255,155,67.1,DELIBERATE,SELF-DESTRUCT,1987,1987
COSMOS 1869,1987-062A,18214,7/16/1987,11/27/1997,2,1,635,605,83,UNKNOWN,,1987,1997
METEOR 2-16 R/B,1987-068B,18313,8/18/1987,2/15/1998,108,42,960,940,82.6,PROPULSION,TSYKLON THIRD STAGE,1987,1998
AUSSAT K3/ECS 4 R/B,1987-078C,18352,9/16/1987,9/19/1987,4,1,36515,245,6.9,PROPULSION,ARIANE 3 FINAL STAGE,1987,1987
COSMOS 1883-85 ULLAGE MOTOR,1987-079G,18374,9/16/1987,12/1/1996,14,11,19120,335,64.9,PROPULSION,PROTON-K BLOCK DM SOZ,1987,1996
COSMOS 1883-85 ULLAGE MOTOR,1987-079H,18375,9/16/1987,4/23/2003,42,11,18540,755,65.2,PROPULSION,PROTON-K BLOCK DM SOZ,1987,2003
COSMOS 1906,1987-108A,18713,12/26/1987,1/31/1988,37,0,265,245,82.6,DELIBERATE,SELF-DESTRUCT,1987,1988
EKRAN 17 ULLAGE MOTOR,1987-109E,18719,12/27/1987,5/22/1997,1,0,22975,310,46.6,PROPULSION,PROTON-K BLOCK DM SOZ,1987,1997
METEOR 2-17,1988-005A,18820,1/30/1988,6/21/2005,45,45,960,930,82.5,UNKNOWN,,1988,2005
DMSP 5D-2 F9 (USA 29),1988-006A,18822,2/3/1988,12/17/2012,10,3,810,800,98.8,UNKNOWN,,1988,2012
COSMOS 1916,1988-007A,18823,2/3/1988,2/27/1988,1,0,230,150,64.8,DELIBERATE,SELF-DESTRUCT,1988,1988
COSMOS 1934,1988-023A,18985,3/22/1988,12/23/1991,3,3,1010,950,83,"COLLISION, ACCIDENTAL",HIT BY DEBRIS (13475),1988,1991
INTELSAT 513 R/B,1988-040B,19122,5/17/1988,7/9/2002,8,8,35445,535,7,PROPULSION,ARIANE 2 R/B,1988,2002
COSMOS 1970-72 ULLAGE MOTOR,1988-085F,19535,9/16/1988,8/4/2003,79,10,18515,720,65.3,PROPULSION,PROTON-K BLOCK DM SOZ,1988,2003
COSMOS 1970-72 ULLAGE MOTOR,1988-085G,19537,9/16/1988,3/9/1999,1,1,18950,300,64.6,PROPULSION,PROTON-K BLOCK DM SOZ,1988,1999
COSMOS 1682,1985-082A,16054,9/19/1985,12/18/1986,23,0,475,385,65,UNKNOWN,COSMOS 699 CLASS,1985,1986
SKYNET 4B/ASTRA 1A R/B,1988-109C,19689,12/11/1988,2/17/1998,18,17,35875,435,7.3,PROPULSION,ARIANE 4 H10 FINAL STAGE,1988,1998
COSMOS 1987-89 ULLAGE MOTOR,1989-001H,19856,1/10/1989,11/13/2003,1,1,18740,710,65.4,PROPULSION,PROTON-K BLOCK DM SOZ,1989,2003
ULLAGE MOTOR,1989-001G,19755,1/10/1989,8/3/1998,16,6,19055,340,64.9,PROPULSION,PROTON-K BLOCK DM SOZ,1989,1998
INTELSAT 515 R/B,1989-006B,19773,1/27/1989,1/1/2001,87,86,35720,510,8.4,PROPULSION,ARIANE 2 R/B,1989,2001
COSMOS 2022-24 ULLAGE MOTOR,1989-039G,20081,5/31/1989,6/10/2006,120,43,18410,655,65.1,PROPULSION,PROTON-K BLOCK DM SOZ,1989,2006
GORIZONT 18 ULLAGE MOTOR,1989-052F,20116,7/5/1989,1/12/1993,2,0,36745,260,46.8,PROPULSION,PROTON-K BLOCK DM SOZ,1989,1993
COSMOS 2030,1989-054A,20124,7/12/1989,7/28/1989,1,0,215,150,67.1,DELIBERATE,SELF-DESTRUCT,1989,1989
COSMOS 2031,1989-056A,20136,7/18/1989,8/31/1989,9,0,365,240,50.5,DELIBERATE,SELF-DESTRUCT,1989,1989
COBE R/B,1989-089B,20323,11/18/1989,12/3/2006,26,1,790,685,97.1,UNKNOWN,DELTA SECOND STAGE,1989,2006
COSMOS 2053 R/B,1989-100B,20390,12/27/1989,4/18/1999,26,0,485,475,73.5,PROPULSION,TSYKLON THIRD STAGE,1989,1999
COSMOS 2054 ULLAGE MOTOR,1989-101E,20399,12/27/1989,7/1/1992,14,2,27650,345,47.1,PROPULSION,PROTON-K BLOCK DM SOZ,1989,1992
COSMOS 2079-81 ULLAGE MOTOR,1990-045F,20630,5/19/1990,11/17/2011,1,1,18620,420,65,PROPULSION,PROTON-K BLOCK DM SOZ,1990,2011
COSMOS 2079-81 ULLAGE MOTOR,1990-045G,20631,5/19/1990,3/28/1999,1,1,19065,405,64.8,PROPULSION,PROTON-K BLOCK DM SOZ,1990,1999
FENGYUN 1-2 R/B,1990-081D,20791,9/3/1990,10/4/1990,103,75,895,880,98.9,PROPULSION,CZ-4 FINAL STAGE,1990,1990
COSMOS 2101,1990-087A,20828,10/1/1990,11/30/1990,4,0,280,195,64.8,DELIBERATE,SELF-DESTRUCT,1990,1990
GORIZONT 22 ULLAGE MOTOR,1990-102E,20957,11/23/1990,12/14/1995,2,1,13105,170,46.5,PROPULSION,PROTON-K BLOCK DM SOZ,1990,1995
USA 68,1990-105A,20978,12/1/1990,12/1/1990,29,1,850,610,98.9,PROPULSION,TE-M-364-15 UPPER STAGE,1990,1990
COSMOS 2109-11 ULLAGE MOTOR,1990-110G,21012,12/8/1990,2/21/2003,1,1,18805,645,65.4,PROPULSION,PROTON-K BLOCK DM SOZ,1990,2003
COSMOS 2109-11 ULLAGE MOTOR,1990-110H,21013,12/8/1990,3/14/1998,2,2,18995,520,65.1,PROPULSION,PROTON-K BLOCK DM SOZ,1990,1998
ITALSAT 1/EUTELSAT 2 F2 R/B,1991-003C,21057,1/15/1991,5/1/1996,15,12,30930,235,6.7,PROPULSION,ARIANE 4 H10 FINAL STAGE,1991,1996
COSMOS 2125-32 R/B,1991-009J,21108,2/12/1991,3/5/1991,112,112,1725,1460,74,PROPULSION,COSMOS SECOND STAGE,1991,1991
COSMOS 2133 ULLAGE MOTOR,1991-010D,21114,2/12/1991,5/7/1994,4,0,21805,225,46.6,PROPULSION,PROTON-K BLOCK DM SOZ,1991,1994
ASTRA 1B/MOP 2 R/B,1991-015C,21141,3/2/1991,4/27/1994,11,7,17630,205,6.8,PROPULSION,ARIANE 4 H10 FINAL STAGE,1991,1994
COSMOS 2139-41 ULLAGE MOTOR,1991-025F,21220,4/4/1991,3/8/2009,33,11,18535,465,64.9,PROPULSION,PROTON-K BLOCK DM SOZ,1991,2009
COSMOS 2139-41 ULLAGE MOTOR,1991-025G,21226,4/4/1991,6/16/2001,1,1,18960,300,64.5,PROPULSION,PROTON-K BLOCK DM SOZ,1991,2001
COSMOS 2157-62 R/B,1991-068G,21734,9/28/1991,10/9/1999,40,40,1485,1410,82.6,PROPULSION,TSYKLON THIRD STAGE,1991,1999
COSMOS 2163,1991-071A,21741,10/9/1991,12/6/1991,1,0,260,185,64.8,DELIBERATE,SELF-DESTRUCT,1991,1991
INTELSAT 601 R/B,1991-075B,21766,10/29/1991,12/24/2001,13,8,28505,230,7.2,PROPULSION,ARIANE 4 H10 FINAL STAGE,1991,2001
USA 73 (DMSP 5D2 F11),1991-082A,21798,11/28/1991,4/15/2004,85,65,850,830,98.7,UNKNOWN,,1991,2004
MOTOR,1989-004E,19771,1/26/1989,12/17/1992,1,0,17575,195,46.7,PROPULSION,PROTON-K BLOCK DM SOZ,1989,1992
TELECOM 2B/INMARSAT 2 R/B,1992-021C,21941,4/15/1992,4/21/1993,18,17,34080,235,4,PROPULSION,ARIANE 4 H10+ FINAL STAGE,1992,1993
COSMOS 2204-06 ULLAGE MOTOR,1992-047G,22066,7/30/1992,7/10/2004,34,12,18820,415,64.9,PROPULSION,PROTON-K BLOCK DM SOZ,1992,2004
2F4 R/B,1992-041C,22032,7/9/1992,2/1/2002,2,2.1,26550,250,7,PROPULSION,ARIANE 4 H10 FINAL STAGE,1992,2002
GORIZONT 27 ULLAGE MOTOR,1992-082F,22250,11/27/1992,7/14/2001,1,0,5340,145,46.5,PROPULSION,PROTON-K BLOCK DM SOZ,1992,2001
ULLAGE MOTOR,1992-047H,22067,7/30/1992,11/8/1994,4,2,19035,480,64.8,PROPULSION,PROTON-K BLOCK DM SOZ,1992,1994
COSMOS 2225,1992-091A,22280,12/22/1992,2/18/1993,6,0,280,225,64.9,DELIBERATE,SELF-DESTRUCT,1992,1993
COSMOS 2227 R/B,1992-093B,22285,12/25/1992,12/26/1992,279,196,855,845,71,PROPULSION,ZENIT-2 SECOND STAGE,1992,1992
COSMOS 2237 R/B,1993-016B,22566,3/26/1993,3/28/1993,104,100,850,840,71,PROPULSION,ZENIT-2 SECOND STAGE,1993,1993
COSMOS 2238,1993-018A,22585,3/30/1993,12/1/1994,1,0,305,210,65,UNKNOWN,COSMOS 699 CLASS,1993,1994
COSMOS 2243,1993-028A,22641,4/27/1993,4/27/1993,1,0,225,180,70.4,DELIBERATE,SELF-DESTRUCT,1993,1993
COSMOS 2251,1993-036A,22675,6/16/1993,2/10/2009,1668,1076,800,775,74,"COLLISION, ACCIDENTAL",COLLIDED WITH IRIDIUM 33,1993,2009
COSMOS 2259,1993-045A,22716,7/14/1993,7/25/1993,1,0,320,175,67.1,DELIBERATE,SELF-DESTRUCT,1993,1993
COSMOS 2262,1993-057A,22789,9/7/1993,12/18/1993,1,0,295,170,64.9,DELIBERATE,SELF-DESTRUCT,1993,1993
GORIZONT 29 ULLAGE MOTOR,1993-072E,22925,11/18/1993,9/6/2000,1,0,11215,140,46.7,PROPULSION,PROTON-K BLOCK DM SOZ,1993,2000
CLEMENTINE R/B,1994-004B,22974,1/25/1994,2/7/1994,1,0,295,240,67,PROPULSION,,1994,1994
STEP II R/B,1994-029B,23106,5/19/1994,6/3/1996,754,82,820,585,82,PROPULSION,PEGASUS HAPS,1994,1996
COSMOS 2282 ULLAGE MOTOR,1994-038F,23174,7/6/1994,10/21/1995,2,0,34930,280,47,PROPULSION,PROTON-K BLOCK DM SOZ,1994,1995
ELEKTRO ULLAGE MOTOR,1994-069E,23338,10/31/1994,5/11/1995,1,0,35465,155,46.9,PROPULSION,PROTON-K BLOCK DM SOZ,1994,1995
COSMOS 2294-96 ULLAGE MOTOR,1994-076G,23402,11/20/1994,6/7/2014,2,2,18990,420,65,PROPULSION,PROTON-K BLOCK DM SOZ,1994,2014
RS-15 R/B,1994-085B,23440,12/26/1994,12/26/1994,26,23,2200,1880,64.8,UNKNOWN,ROKOT THIRD STAGE,1994,1994
USA 109 (DMSP 5D-2 F13),1995-015A,23533,3/24/1995,2/3/2015,236,219,840,840,98.8,BATTERY,Operational at event time,1995,2015
COSMOS 2313,1995-028A,23596,6/8/1995,6/26/1997,13,0,325,210,65,UNKNOWN,COSMOS 699 CLASS,1995,1997
CERISE,1995-033B,23606,7/7/1995,7/24/1996,2,1,675,665,98.1,"COLLISION, ACCIDENTAL",HIT BY DEBRIS (18208),1995,1996
COSMOS 2316-18 ULLAGE MOTOR,1995-037K,23631,7/24/1995,11/21/2000,1,0,18085,150,64.4,PROPULSION,PROTON-K BLOCK DM SOZ,1995,2000
RADUGA 33 R/B,1996-010D,23797,2/19/1996,2/19/1996,1,0,36505,240,48.7,PROPULSION,PROTON-K BLOCK DM,1996,1996
GORIZONT 32 ULLAGE MOTOR,1996-034F,23887,5/25/1996,12/13/1999,1,0,5605,145,46.5,PROPULSION,PROTON-K BLOCK DM SOZ,1996,1999
COSMOS 2343,1997-024A,24805,5/15/1997,9/16/1997,1,0,285,225,65,DELIBERATE,SELF-DESTRUCT,1997,1997
IRIDIUM 33,1997-051C,24946,9/14/1997,2/10/2009,628,333,780,775,86.4,"COLLISION, ACCIDENTAL",COLLIDED WITH COSMOS 2251,1997,2009
KUPON ULLAGE MOTOR,1997-070F,25054,11/12/1997,2/14/2007,7,4,14160,260,46.6,PROPULSION,PROTON-K BLOCK DM SOZ,1997,2007
ULLAGE MOTOR,1992-088F,22274,12/17/1992,4/22/2005,1,0,21140,200,46.7,PROPULSION,PROTON-K BLOCK DM SOZ,1992,2005
COSMOS 2347,1997-079A,25088,12/9/1997,11/22/1999,9,0,410,230,65,UNKNOWN,COSMOS 699 CLASS,1997,1999
ASIASAT 3 R/B,1997-086D,25129,12/24/1997,12/25/1997,1,0,35995,270,51,PROPULSION,PROTON-K BLOCK DM,1997,1997
COMETS R/B,1998-011B,25176,2/21/1998,2/21/1998,1,0,1880,245,30,PROPULSION,H-II SECOND STAGE,1998,1998
ARGOS/ORSTED/SUN SAT R/B,1999-008D,25637,2/23/1999,4/28/2014,8,1,840,635,96.5,UNKNOWN,DELTA 2 SECOND STAGE,1999,2014
FENGYUN 1C,1999-025A,25730,5/10/1999,1/11/2007,3442,2832,865,845,98.6,"COLLISION, DELIBERATE",HYPERVELOCITY IMPACT,1999,2007
CBERS 1,1999-057A,25940,10/14/1999,2/18/2007,88,53,780,770,98.2,UNKNOWN,,1999,2007
CBERS 1/SACI 1 R/B,1999-057C,25942,10/14/1999,3/11/2000,344,150,745,725,98.5,PROPULSION,CZ-4 FINAL STAGE,1999,2000
COSMOS 2367,1999-072A,26040,12/26/1999,11/21/2001,17,0,415,405,65,UNKNOWN,COSMOS 699 CLASS,1999,2001
COSMOS 2371 ULLAGE MOTOR,2000-036E,26398,7/4/2000,9/1/2006,1,0,21320,220,46.9,PROPULSION,PROTON-K BLOCK DM SOZ,2000,2006
NOAA 16,2000-055A,26536,9/21/2000,11/25/2015,458,458,858,842,98.9,UNKNOWN,,2000,2015
TES R/B,2001-049D,26960,10/22/2001,12/19/2001,372,72,675,550,97.9,PROPULSION,PSLV FINAL STAGE,2001,2001
COSMOS 2383,2001-057A,27053,12/21/2001,2/28/2004,14,0,400,220,65,UNKNOWN,COSMOS 699 CLASS,2001,2004
COSMOS 2392 ULLAGE MOTOR,2002-037E,27474,7/25/2002,6/1/2005,61,0,835,255,63.7,PROPULSION,PROTON-K BLOCK DM SOZ,2002,2005
COSMOS 2392 ULLAGE MOTOR,2002-037F,27475,7/25/2002,10/29/2004,1,0,840,235,63.6,PROPULSION,PROTON-K BLOCK DM SOZ,2002,2004
COSMOS 2399,2003-035A,27856,8/12/2003,12/9/2003,22,0,250,175,64.9,DELIBERATE,SELF-DESTRUCT,2003,2003
ALOS-1 R/B,2006-002B,28932,1/24/2006,8/8/2006,24,3,700,550,98.2,UNKNOWN,H-IIA SECOND STAGE,2006,2006
ARABSAT 4 BRIZ-M R/B,2006-006B,28944,2/28/2006,2/19/2007,102,92,14705,495,51.5,PROPULSION,PROTON-K BRIZ-M STAGE,2006,2007
YAOGAN 1,2006-015A,29092,4/26/2006,2/4/2010,8,2,630,625,97.9,UNKNOWN,,2006,2010
COSMOS 2421,2006-026A,29247,6/25/2006,3/14/2008,509,0,420,400,65,UNKNOWN,COSMOS 699 CLASS,2006,2008
IGS 3A R/B,2006-037B,29394,9/11/2006,12/28/2006,10,0,490,430,97.2,UNKNOWN,H-IIA SECOND STAGE,2006,2006
COSMOS 2423,2006-039A,29402,9/14/2006,11/17/2006,31,0,285,200,64.9,DELIBERATE,SELF-DESTRUCT,2006,2006
DMSP 5D-3 F17 R/B,2006-050B,29523,11/4/2006,11/4/2006,65,0,865,830,98.8,UNKNOWN,DELTA IV SECOND STAGE,2006,2006
USA 193,2006-057A,29651,12/14/2006,2/21/2008,175,0,255,245,58.5,"COLLISION, DELIBERATE",HYPERVELOCITY IMPACT,2006,2008
COSMOS 2424-2426 ULLAGE MOTOR,2006-062G,29680,12/25/2006,7/27/2016,9,8,19088,426,64.8,PROPULSION,PROTON-K BLOCK DM SOZ,2006,2016
BEIDOU 1D R/B,2007-003B,30324,2/2/2007,2/2/2007,39,36,41900,235,25,UNKNOWN,CZ-3A FINAL STAGE,2007,2007
IGS 4A/4B R/B DEBRIS,2007-005E,30590,2/24/2007,12/23/2010,4,0,440,430,97.3,UNKNOWN,H-IIA DEBRIS,2007,2010
COSMOS 2428,2007-029A,31792,6/29/2007,5/10/2014,10,2,860,845,71,UNKNOWN,,2007,2014
COSMOS 2431-33 ULLAGE MOTOR,2007-052F,32280,10/26/2007,8/13/2014,25,25,18790,730,65,PROPULSION,PROTON-K BLOCK DM SOZ,2007,2014
USA 197 R/B,2007-054B,32288,11/11/2007,11/11/2007,32,32,1575,220,29,UNKNOWN,DELTA IV SECOND STAGE,2007,2007
COSMOS 2434-36 ULLAGE MOTOR,2007-065G,32399,12/25/2007,8/18/2011,1,1,18965,540,65,PROPULSION,PROTON-K BLOCK DM SOZ,2007,2011
AMC 14 BRIZ-M R/B,2008-011B,32709,3/14/2008,10/13/2010,116,115,26565,645,48.9,PROPULSION,PROTON-K BRIZ-M STAGE,2008,2010
COSMOS 2442-44 ULLAGE MOTOR,2008-046H,33385,9/25/2008,5/20/2014,11,10,18720,865,65,PROPULSION,PROTON-K BLOCK DM SOZ,2008,2014
COSMOS 2447-49 ULLAGE MOTOR,2008-067H,33473,12/25/2008,6/1/2016,12,12,18786,709,65.3,,,2008,2016
ULLAGE MOTOR,2008-067G,33472,12/25/2008,3/26/2016,4,4.1,18840,682,65.4,PROPULSION,PROTON-K BLOCK DM SOZ,2008,2016
COSMOS 2459-61 ULLAGE MOTOR,2010-007G,36406,3/1/2010,7/9/2014,11,11,18750,770,65,PROPULSION,PROTON-K BLOCK DM SOZ,2010,2014
BEIDOU G2,2009-018A,34779,4/14/2009,6/29/2016,1,1.1,36137,35384,4.7,UNKNOWN,Unnamed: 0,2009,2016
COSMOS 2464-2466 ULLAGE MOTOR,2010-041G,37143,9/2/2010,9/3/2017,10,10,18684,756,65.2,PROPULSION,PROTON-K BLOCK DM SOZ,2010,2017
ULLAGE MOTOR,2010-007H,36407,3/1/2010,5/22/2018,11,11.1,18929,602,65.1,PROPULSION,PROTON-K BLOCK DM SOZ,2010,2018
BEIDOU G4 R/B,2010-057B,37211,11/1/2010,11/1/2010,57,55,35780,160,20.5,UNKNOWN,CZ-3C FINAL STAGE,2010,2010
SL-23 DEBRIS,2011-037B,37756,8/4/2015,8/4/2015,1,1,3649,428,51.4,UNKNOWN,Fregat-SB SBB propellant tank,2015,2015
NIGCOMSAT 1R R/B,2011-077B,38015,12/21/2011,12/21/2011,39,39,41715,230,24.3,UNKNOWN,CZ-3B FINAL STAGE,2011,2011
BEIDOU G5 R/B,2012-008B,38092,2/24/2012,2/26/2012,38,37,35950,150,20.7,UNKNOWN,CZ-3C FINAL STAGE,2012,2012
NIMIQ 6 R/B,2012-026B,38343,5/17/2012,12/23/2015,11,11,34592,10408,12,UNKNOWN,Briz-M CORE,2012,2015
TELKOM 3/ EXPRESS MD2 BRIZ-M R/B,2012-044C,38746,8/6/2012,10/16/2012,113,20,5010,265,49.9,PROPULSION,PROTON-K BRIZ-M STAGE,2012,2012
CASSIOPE R/B,2013-055B,39266,9/29/2013,9/29/2013,16,1,1490,320,81,PROPULSION,FALCON 9 SECOND STAGE,2013,2013
SENTINEL 1A,2014-016A,39634,4/3/2014,8/23/2016,8,3,698,696,98.2,"COLLISION, ACCIDENTAL",Solar array impact by small MMOD,2014,2016
PROGRESS-M 27M R/B,2015-024B,40620,4/28/2015,4/28/2015,21,0,181,169,51.7,UNKNOWN,Soyuz 2.1a (3); separation with PROGRESS M-27M,2015,2015
COSMOS 2513 R/B,2015-075B,41122,12/13/2015,1/16/2016,7,7,35777,33426,0.2,UNKNOWN,Briz-M CORE,2015,2016
ASTRO H (HITOMI),2016-012A,41337,2/17/2016,3/26/2016,13,10,578,563,31,PROPULSION,likely structural failure mechanism,2016,2016
FREGAT DEB (TANK),2017-086C,43089,9/4/2010,9/4/2010,5,2,4070,277,50.4,UNKNOWN,SL-23 Fregat SB SBB propellant tank,2010,2010
CHINASAT 6A R/B,2010-042B,37151,9/4/2010,9/4/2010,30,29,41894,194,25.2,UNKNOWN,Unnamed: 1,2010,2010
